{
    "val_acc": 0.8,
    "val_loss": 0.6392678022384644,
    "epochs": 66,
    "learning_rate": 0.0009882535186957208,
    "weight_decay": 4.668573119184307e-06,
    "batch_size": 8,
    "num_lstm_layers": 3,
    "num_fc_layers": 3,
    "dropout_prob": 0.2,
    "hidden_size": 134
}