{
    "val_acc": 1.0,
    "val_loss": 0.46744832396507263,
    "epochs": 75,
    "learning_rate": 0.0021470575837164857,
    "weight_decay": 9.651797796983028e-05,
    "batch_size": 8,
    "num_lstm_layers": 2,
    "num_fc_layers": 2,
    "dropout_prob": 0.5,
    "hidden_size": 88
}