{
    "val_acc": 0.7777777777777778,
    "val_loss": 0.38568931818008423,
    "epochs": 67,
    "learning_rate": 0.00014920906180808824,
    "weight_decay": 0.00176964553786783,
    "batch_size": 8,
    "num_lstm_layers": 3,
    "num_fc_layers": 2,
    "dropout_prob": 0.1,
    "hidden_size": 175
}